-- Popunjavanje tablice zupanija
INSERT INTO zupanija (sifZupanija, nazZupanija)
VALUES
    (1, 'Zagrebačka'),
    (2, 'Splitsko-dalmatinska'),
    (3, 'Osječko-baranjska'),
    (4, 'Primorsko-goranska'),
    (5, 'Vukovarsko-srijemska'),
    (6, 'Karlovačka'),
    (7, 'Istarska');

-- Popunjavanje tablice mjesto
INSERT INTO mjesto (pbr, nazMjesto, sifZupanija)
VALUES
    (10000, 'Zagreb', 1),
    (21000, 'Split', 2),
    (31000, 'Osijek', 3),
    (51000, 'Rijeka', 4),
    (32000, 'Vukovar', 5);

-- Popunjavanje tablice stud
INSERT INTO stud (mbrStud, imeStud, prezStud, pbrStan, pbrRod, datRodStud, oibStud)
VALUES
    (1, 'Ana', 'Anić', 10000, 10000, '2000-01-01', '12345678901'),
    (2, 'Ivan', 'Ivanić', 21000, 21000, '2000-02-02', '23456789012'),
    (3, 'Marko', 'Marković', 31000, 31000, '2000-03-03', '34567890123'),
    (4, 'Lucija', 'Lucić', 51000, 51000, '2000-04-04', '45678901234'),
    (5, 'Petar', 'Perić', 32000, 32000, '2000-05-05', '56789012345'),
    (6, 'Martina', 'Martinović', 10000, 10000, '2000-06-06', '67890123456'),
    (7, 'Josip', 'Josipović', 21000, 21000, '2000-07-07', '78901234567'),
    (8, 'Ivana', 'Ivanović', 31000, 31000, '2000-08-08', '89012345678'),
    (9, 'Stjepan', 'Stjepanović', 51000, 51000, '2000-09-09', '90123456789'),
    (10, 'Helena', 'Helenić', 32000, 32000, '2000-10-10', '01234567890');

-- Popunjavanje tablice dvorana
INSERT INTO dvorana (oznDvorana, kapacitet)
VALUES
    (101, 50),
    (102, 70),
    (103, 80),
    (104, 60),
    (105, 90);

-- Popunjavanje tablice orgjed
INSERT INTO orgjed (sifOrgjed, nazOrgjed, sifNadorgjed)
VALUES
    (1, 'Računarstvo', NULL),
    (2, 'Matematika', NULL),
    (3, 'Fizika', NULL),
    (4, 'Elektrotehnika', NULL),
    (5, 'Kemija', NULL),
    (6, 'Biologija', NULL);

-- Popunjavanje tablice pred
INSERT INTO pred (sifPred, kratPred, nazPred, sifOrgjed, upisanoStud, brojSatiTjedno)
VALUES
    (220, 'Mat1', 'Matematika 1', 2, 50, 4),
    (221, 'Fiz1', 'Fizika 1', 3, 45, 3),
    (222, 'Inf1', 'Informatika 1', 1, 55, 5),
    (223, 'Ele1', 'Elektrotehnika 1', 4, 60, 4),
    (224, 'Kem1', 'Kemija 1', 5, 40, 3),
    (225, 'Bio1', 'Biologija 1', 6, 35, 3),
    (226, 'Mat2', 'Matematika 2', 2, 55, 4),
    (227, 'Fiz2', 'Fizika 2', 3, 50, 3),
    (228, 'Inf2', 'Informatika 2', 1, 60, 5),
    (229, 'Ele2', 'Elektrotehnika 2', 4, 65, 4),
    (230, 'Kem2', 'Kemija 2', 5, 45, 3),
    (231, 'Bio2', 'Biologija 2', 6, 40, 3),
    (232, 'Mat3', 'Matematika 3', 2, 60, 4),
    (233, 'Fiz3', 'Fizika 3', 3, 55, 3),
    (234, 'Inf3', 'Informatika 3', 1, 65, 5),
    (235, 'Ele3', 'Elektrotehnika 3', 4, 70, 4),
    (236, 'Kem3', 'Kemija 3', 5, 50, 3),
    (237, 'Bio3', 'Biologija 3', 6, 45, 3),
    (238, 'Mat4', 'Matematika 4', 2, 65, 4),
    (239, 'Fiz4', 'Fizika 4', 3, 60, 3),
    (240, 'Inf4', 'Informatika 4', 1, 70, 5),
    (241, 'Ele4', 'Elektrotehnika 4', 4, 75, 4),
    (242, 'Kem4', 'Kemija 4', 5, 55, 3),
    (243, 'Bio4', 'Biologija 4', 6, 50, 3);

INSERT INTO nastavnik (sifNastavnik, imeNastavnik, prezNastavnik, pbrStan, sifOrgjed, koef)
VALUES
    (101, 'Ivo', 'Ivić', 10000, 1, 1.1),
	(102, 'Ana', 'Anić', 21000, 2, 1.2),
    (103, 'Marko', 'Marković', 31000, 3, 1.3),
    (104, 'Lucija', 'Lucić', 51000, 4, 1.4),
    (105, 'Petar', 'Perić', 32000, 5, 1.5),
    (106, 'Martina', 'Martinović', 10000, 1, 1.6),
    (107, 'Josip', 'Josipović', 21000, 2, 1.7),
    (108, 'Ivana', 'Ivanović', 31000, 3, 1.8),
    (109, 'Stjepan', 'Stjepanović', 51000, 4, 1.9),
    (110, 'Helena', 'Helenić', 32000, 5, 2.0),
    (111, 'Ivan', 'Ivanić', 10000, 1, 2.1),
    (112, 'Ana', 'Anić', 21000, 2, 2.2),
    (113, 'Marko', 'Marković', 31000, 3, 2.3),
    (114, 'Lucija', 'Lucić', 51000, 4, 2.4),
    (115, 'Petar', 'Perić', 32000, 5, 2.5),
    (116, 'Martina', 'Martinović', 10000, 1, 2.6),
    (117, 'Josip', 'Josipović', 21000, 2, 2.7),
    (118, 'Ivana', 'Ivanović', 31000, 3, 2.8),
    (119, 'Stjepan', 'Stjepanović', 51000, 4, 2.9),
    (120, 'Helena', 'Helenić', 32000, 5, 3.0),
    (121, 'Ivo', 'Ivić', 10000, 1, 3.1),
    (122, 'Ana', 'Anić', 21000, 2, 3.2),
    (123, 'Marko', 'Marković', 31000, 3, 3.3),
    (124, 'Lucija', 'Lucić', 51000, 4, 3.4),
    (125, 'Petar', 'Perić', 32000, 5, 3.5);

-- Popunjavanje tablice rezervacija
INSERT INTO rezervacija (oznDvorana, oznVrstaDan, sat, sifPred)
VALUES
    (101, 'Pon', 8, 220),
    (102, 'Uto', 9, 221),
    (103, 'Sri', 10, 222),
    (104, 'Cet', 11, 223);

-- Popunjavanje tablice ispit
INSERT INTO ispit (mbrStud, sifPred, sifNastavnik, datIspit, ocjena)
VALUES
    (1, 220, 101, '2023-05-01', 3),
    (2, 221, 102, '2023-05-02', 4),
    (3, 222, 103, '2023-05-03', 5),
    (4, 223, 104, '2023-05-04', 2),
    (5, 224, 105, '2023-05-05', 3),
    (6, 225, 106, '2023-05-06', 4),
    (7, 226, 107, '2023-05-07', 5),
    (8, 227, 108, '2023-05-08', 2),
    (9, 228, 109, '2023-05-09', 3),
    (10, 229, 110, '2023-05-10', 4),
    (1, 230, 111, '2023-05-11', 5),
    (2, 231, 112, '2023-05-12', 2),
    (3, 232, 113, '2023-05-13', 3),
    (4, 233, 114, '2023-05-14', 4),
    (5, 234, 115, '2023-05-15', 5),
    (6, 235, 116, '2023-05-16', 2),
    (7, 236, 117, '2023-05-17', 3),
    (8, 237, 118, '2023-05-18', 4),
    (9, 238, 119, '2023-05-19', 5),
    (10, 239, 120, '2023-05-20', 2),
    (1, 240, 121, '2023-05-21', 3),
    (2, 241, 122, '2023-05-22', 4),
    (3, 242, 123, '2023-05-23', 5),
    (4, 243, 124, '2023-05-24', 2),
    (5, 220, 125, '2023-05-25', 3),
    (6, 221, 101, '2023-05-26', 4),
    (7, 222, 102, '2023-05-27', 5),
    (8, 223, 103, '2023-05-28', 2),
    (9, 224, 104, '2023-05-29', 3),
    (10, 225, 105, '2023-05-30', 4),
    (1, 226, 106, '2023-05-31', 5),
    (2, 227, 107, '2023-06-01', 2),
    (3, 228, 108, '2023-06-02', 3),
	(4, 228, 109, '2023-06-03', 4),
    (5, 229, 110, '2023-06-04', 5),
    (6, 230, 111, '2023-06-05', 2),
    (7, 231, 112, '2023-06-06', 3),
    (8, 232, 113, '2023-06-07', 4),
    (9, 233, 114, '2023-06-08', 5),
    (10, 234, 115, '2023-06-09', 2),
    (1, 235, 116, '2023-06-10', 3),
    (2, 236, 117, '2023-06-11', 4),
    (3, 237, 118, '2023-06-12', 5),
    (4, 238, 119, '2023-06-13', 2),
    (5, 239, 120, '2023-06-14', 3),
    (6, 240, 121, '2023-06-15', 4),
    (7, 241, 122, '2023-06-16', 5),
    (8, 242, 123, '2023-06-17', 2),
    (9, 243, 124, '2023-06-18', 3),
    (10, 220, 125, '2023-06-19', 4),
    (1, 221, 101, '2023-06-20', 5),
    (2, 222, 102, '2023-06-21', 2),
    (3, 223, 103, '2023-06-22', 3),
    (4, 224, 104, '2023-06-23', 4),
    (5, 225, 105, '2023-06-24', 5),
    (6, 226, 106, '2023-06-25', 2),
    (7, 227, 107, '2023-06-26', 3),
    (8, 228, 108, '2023-06-27', 4),
    (9, 229, 109, '2023-06-28', 5),
    (10, 230, 110, '2023-06-29', 2),
    (1, 231, 111, '2023-06-30', 3),
    (2, 232, 112, '2023-07-01', 4),
    (3, 233, 113, '2023-07-02', 5),
    (4, 234, 114, '2023-07-03', 2),
    (5, 235, 115, '2023-07-04', 3),
    (6, 236, 116, '2023-07-05', 4),
    (7, 237, 117, '2023-07-06', 5),
    (8, 238, 118, '2023-07-07', 2),
    (9, 239, 119, '2023-07-08', 3),
    (10, 240, 120, '2023-07-09', 4),
    (1, 241, 121, '2023-07-10', 5),
    (2, 242, 122, '2023-07-11', 2),
    (3, 243, 123, '2023-07-12', 3),
    (4, 220, 124, '2023-07-13', 4),
    (5, 221, 125, '2023-07-14', 5),
    (6, 222, 101, '2023-07-15', 2),
    (7, 223, 102, '2023-07-16', 3),
    (8, 224, 103, '2023-07-17', 4),
    (9, 225, 104, '2023-07-18', 5),
    (10, 226, 105, '2023-07-19', 2),
    (1, 227, 106, '2023-07-20', 3),
    (2, 228, 107, '2023-07-21', 4),
    (3, 229, 108, '2023-07-22', 5),
    (4, 230, 109, '2023-07-23', 2),
    (5, 231, 110, '2023-07-24', 3),
    (6, 232, 111, '2023-07-25', 4),
    (7, 233, 112, '2023-07-26', 5),
    (8, 234, 113, '2023-07-27', 2),
    (9, 235, 114, '2023-07-28', 3),
    (10, 236, 115, '2023-07-29', 4),
    (1, 237, 116, '2023-07-30', 5),
    (2, 238, 117, '2023-07-31', 2),
    (3, 239, 118, '2023-08-01', 3),
    (4, 240, 119, '2023-08-02', 4),
    (5, 241, 120, '2023-08-03', 5),
    (6, 242, 121, '2023-08-04', 2),
    (7, 243, 122, '2023-08-05', 3),
    (8, 220, 123, '2023-08-06', 4),
    (9, 221, 124, '2023-08-07', 5),
    (10, 222, 125, '2023-08-08', 2),
    (1, 223, 101, '2023-08-09', 3),
    (2, 224, 102, '2023-08-10', 4),
    (3, 225, 103, '2023-08-11', 5),
    (4, 226, 104, '2023-08-12', 2),
    (5, 227, 105, '2023-08-13', 3),
    (6, 228, 106, '2023-08-14', 4),
    (7, 229, 107, '2023-08-15', 5),
    (8, 230, 108, '2023-08-16', 2),
    (9, 231, 109, '2023-08-17', 3),
    (10, 232, 110, '2023-08-18', 4),
    (1, 233, 111, '2023-08-19', 5),
    (2, 234, 112, '2023-08-20', 2),
    (3, 235, 113, '2023-08-21', 3),
    (4, 236, 114, '2023-08-22', 4),
    (5, 237, 115, '2023-08-23', 5),
    (6, 238, 116, '2023-08-24', 2),
    (7, 239, 117, '2023-08-25', 3),
    (8, 240, 118, '2023-08-26', 4),
    (9, 241, 119, '2023-08-27', 5),
    (10, 242, 120, '2023-08-28', 2),
    (1, 243, 121, '2023-08-29', 3),
    (2, 220, 122, '2023-08-30', 4),
    (3, 221, 123, '2023-08-31', 5),
    (4, 222, 124, '2023-09-01', 2),
    (5, 223, 125, '2023-09-02', 3),
    (6, 224, 101, '2023-09-03', 4),
    (7, 225, 102, '2023-09-04', 5),
    (8, 226, 103, '2023-09-05', 2),
    (9, 227, 104, '2023-09-06', 3),
    (10, 228, 105, '2023-09-07', 4),
    (1, 229, 106, '2023-09-08', 5),
    (2, 230, 107, '2023-09-09', 2),
    (3, 231, 108, '2023-09-10', 3),
    (4, 232, 109, '2023-09-11', 4),
    (5, 233, 110, '2023-09-12', 5),
    (6, 234, 111, '2023-09-13', 2),
    (7, 235, 112, '2023-09-14', 3),
    (8, 236, 113, '2023-09-15', 4),
    (9, 237, 114, '2023-09-16', 5),
    (10, 238, 115, '2023-09-17', 2),
    (1, 239, 116, '2023-09-18', 3),
    (2, 240, 117, '2023-09-19', 4),
    (3, 241, 118, '2023-09-20', 5),
    (4, 242, 119, '2023-09-21', 2),
    (5, 243, 120, '2023-09-22', 3),
    (6, 220, 121, '2023-09-23', 4),
    (7, 221, 122, '2023-09-24', 5),
    (8, 222, 123, '2023-09-25', 2),
    (9, 223, 124, '2023-09-26', 3),
    (10, 224, 125, '2023-09-27', 4),
    (1, 225, 101, '2023-09-28', 5),
    (2, 226, 102, '2023-09-29', 2),
    (3, 227, 103, '2023-09-30', 3),
    (4, 228, 104, '2023-10-01', 4),
    (5, 229, 105, '2023-10-02', 5),
    (6, 230, 106, '2023-10-03', 2),
    (7, 231, 107, '2023-10-04', 3),
    (8, 232, 108, '2023-10-05', 4),
    (9, 233, 109, '2023-10-06', 5),
    (10, 234, 110, '2023-10-07', 2),
    (1, 235, 111, '2023-10-08', 3),
    (2, 236, 112, '2023-10-09', 4),
    (3, 237, 113, '2023-10-10', 5),
    (4, 238, 114, '2023-10-11', 2),
    (5, 239, 115, '2023-10-12', 3),
    (6, 240, 116, '2023-10-13', 4),
    (7, 241, 117, '2023-10-14', 5),
    (8, 242, 118, '2023-10-15', 2),
    (9, 243, 119, '2023-10-16', 3),
    (10, 220, 120, '2023-10-17', 4),
    (1, 221, 121, '2023-10-18', 5),
    (2, 222, 122, '2023-10-19', 2),
    (3, 223, 123, '2023-10-20', 3),
    (4, 224, 124, '2023-10-21', 4),
    (5, 225, 125, '2023-10-22', 5),
    (6, 226, 101, '2023-10-23', 2),
    (7, 227, 102, '2023-10-24', 3),
    (8, 228, 103, '2023-10-25', 4),
    (9, 229, 104, '2023-10-26', 5),
    (10, 230, 105, '2023-10-27', 2),
    (1, 231, 106, '2023-10-28', 3),
    (2, 232, 107, '2023-10-29', 4),
    (3, 233, 108, '2023-10-30', 5),
    (4, 234, 109, '2023-10-31', 2),
    (5, 235, 110, '2023-11-01', 3),
    (6, 236, 111, '2023-11-02', 4),
    (7, 237, 112, '2023-11-03', 5),
    (8, 238, 113, '2023-11-04', 2),
    (9, 239, 114, '2023-11-05', 3),
    (10, 240, 115, '2023-11-06', 4),
    (1, 241, 116, '2023-11-07', 5),
    (2, 242, 117, '2023-11-08', 2),
    (3, 243, 118, '2023-11-09', 3),
    (4, 220, 119, '2023-11-10', 4),
    (5, 221, 120, '2023-11-11', 5);
